source,style,artist
psycore_db_v14.jsonl,psycore,Varazslo
psycore_db_v14.jsonl,psycore,DEPURATUS
psycore_db_v14.jsonl,psycore,BilyCore
psycore_db_v14.jsonl,psycore,BONGDAN
psycore_db_v14.jsonl,psycore,Psynthesis
psycore_db_v14.jsonl,psycore,Oroboro
psycore_db_v14.jsonl,psycore,Seafloor Control
psycore_db_v14.jsonl,psycore,Kuma Mela Experiment
psycore_db_v14.jsonl,psycore,Kuli
psycore_db_v14.jsonl,psycore,Haemogoblin
psycore_db_v14.jsonl,psycore,Endless Mow
psycore_db_v14.jsonl,psycore,ALPSCORE
psycore_db_v14.jsonl,psycore,Kaya
psycore_db_v14.jsonl,psycore,The Nommos
psycore_db_v14.jsonl,psycore,Sectio Aurea
psycore_db_v14.jsonl,psycore,Noitrik
psycore_db_v14.jsonl,psycore,Fatal Discord
psycore_db_v14.jsonl,psycore,Kasatka
psycore_db_v14.jsonl,psycore,Yaminahua
psycore_db_v14.jsonl,psycore,Freq36
psycore_db_v14.jsonl,psycore,Primitive Sound
psycore_db_v14.jsonl,psycore,Narkotika
psycore_db_v14.jsonl,psycore,Nimba
psycore_db_v14.jsonl,psycore,Obscurum
psycore_db_v14.jsonl,psycore,Will O' Wisp
psycore_db_v14.jsonl,psycore,Sanathana
psycore_db_v14.jsonl,psycore,Calyptratus
psycore_db_v14.jsonl,psycore,CroNe
psycore_db_v14.jsonl,psycore,Rampage
psycore_db_v14.jsonl,psycore,2MINDS
psycore_db_v14.jsonl,psycore,ROTRIX
psycore_db_v14.jsonl,psycore,01-N
psycore_db_v14.jsonl,psycore,ESSEX
psycore_db_v14.jsonl,psycore,SIXSENSE
psycore_db_v14.jsonl,psycore,Poison Art
psycore_db_v14.jsonl,psycore,ELECTRO VISION
psycore_db_v14.jsonl,psycore,DJ Tsuyoshi
psycore_db_v14.jsonl,psycore,SINE6
psycore_db_v14.jsonl,psycore,JAWS UNDERGROUND
psycore_db_v14.jsonl,psycore,BPM
psycore_db_v14.jsonl,psycore,PSYCHO PUNK
psycore_db_v14.jsonl,psycore,SIGMA
psycore_db_v14.jsonl,psycore,BIGABO
psycore_db_v14.jsonl,psycore,Shock Blast
psycore_db_v14.jsonl,psycore,Tzu-Jan
psycore_db_v14.jsonl,psycore,PHRENETICUS
psycore_db_v14.jsonl,psycore,Boris & Olaf & Olga
psycore_db_v14.jsonl,psycore,Deadhead
psycore_db_v14.jsonl,psycore,Xochipilli
psycore_db_v14.jsonl,psycore,Mohina
psycore_db_v14.jsonl,psycore,Gukumatz
psycore_db_v14.jsonl,psycore,Necronomicon
psycore_db_v14.jsonl,psycore,Plankton
psycore_db_v14.jsonl,psycore,90-db
psycore_db_v14.jsonl,psycore,Cali Balam
psycore_db_v14.jsonl,psycore,Bizzare Frequency
psycore_db_v14.jsonl,psycore,Mythorlogic
psycore_db_v14.jsonl,psycore,K-Owl
psycore_db_v14.jsonl,psycore,Imix Jaguar
psycore_db_v14.jsonl,psycore,Mizter Bonezz
psycore_db_v14.jsonl,psycore,Coji
psycore_db_v14.jsonl,psycore,Anacamptis Morio
psycore_db_v14.jsonl,psycore,Mukhtar
psycore_db_v14.jsonl,psycore,Romeodark
psycore_db_v14.jsonl,psycore,Sadhana
psycore_db_v14.jsonl,psycore,Dattatreya
psycore_db_v14.jsonl,psycore,Indacoruna
psycore_db_v14.jsonl,psycore,Eodem Tempore
psycore_db_v14.jsonl,psycore,Baco Ames
psycore_db_v14.jsonl,psycore,Parasitorum
psycore_db_v14.jsonl,psycore,Chastrophob
psycore_db_v14.jsonl,psycore,Neormm
psycore_db_v14.jsonl,psycore,INFRA
psycore_db_v14.jsonl,psycore,Manticore
psycore_db_v14.jsonl,psycore,KinetiK Flux