"style","artist","song","label","bpm_exact","preview_url","release_date","duration_sec","country","city","artist_bio","artist_genre","artist_profile_hint","source","source_url","deezer_track_id","deezer_track_url","cover_art_url","contributors","youtube_track_url","soundcloud_track_url","bandcamp_track_url","bandcamp_track_id","status","confidence"
"tech_house","Michael Bibi","Lets Get High","Lets Get High","","https://cdnt-preview.dzcdn.net/api/1/1/4/5/8/0/458e63bcc339d04e661d44a0447f8a6d.mp3?hdnea=exp=1782073443~acl=/api/1/1/4/5/8/0/458e63bcc339d04e661d44a0447f8a6d.mp3*~data=user_id=0,application_id=42~hmac=67c470e1f7a98ec6c4c952ad6f9a3a775e746ed78e33214e22e5d71e43f0a35b","2026-06-03","203","United Kingdom","London","Michael Bibi e um DJ e produtor britanico ligado ao tech house moderno, Solid Grooves e releases recentes de alta rotacao.","tech house","Lote tocavel com preview_url real para reforcar recomendacoes de Michael Bibi, incluindo lancamentos recentes como Bad Wolf.","michael_bibi_playable_expansion_20260621","https://www.deezer.com/track/4029680771","4029680771","https://www.deezer.com/track/4029680771","https://cdn-images.dzcdn.net/images/cover/bf538546ef920ac6742e32ff06f92459/500x500-000000-80-0-0.jpg","Michael Bibi","https://www.youtube.com/results?search_query=Michael%20Bibi%20Lets%20Get%20High","","","","published","high"
"tech_house","Michael Bibi","Bad Wolf","Bad Wolf (feat. UNIIQU3)","","https://cdnt-preview.dzcdn.net/api/1/1/f/d/5/0/fd5ac51b0e55af9bf6733cca5dd38314.mp3?hdnea=exp=1782073441~acl=/api/1/1/f/d/5/0/fd5ac51b0e55af9bf6733cca5dd38314.mp3*~data=user_id=0,application_id=42~hmac=95cd978ce3b9a3eff219a35e0f4e24d59045148cc059d3ab2dbe8fda930d475e","2026-05-15","185","United Kingdom","London","Michael Bibi e um DJ e produtor britanico ligado ao tech house moderno, Solid Grooves e releases recentes de alta rotacao.","tech house","Lote tocavel com preview_url real para reforcar recomendacoes de Michael Bibi, incluindo lancamentos recentes como Bad Wolf.","michael_bibi_playable_expansion_20260621","https://www.deezer.com/track/3995968761","3995968761","https://www.deezer.com/track/3995968761","https://cdn-images.dzcdn.net/images/cover/f6c85ff6bb1f7425fe51ea10201db555/500x500-000000-80-0-0.jpg","Michael Bibi;Uniiqu3","https://www.youtube.com/results?search_query=Michael%20Bibi%20Bad%20Wolf","","","","published","high"
"tech_house","Michael Bibi","Front & Back Seat","Front & Back Seat","","https://cdnt-preview.dzcdn.net/api/1/1/e/4/1/0/e41cd7c32cd1acfb79629a8057e3a605.mp3?hdnea=exp=1782073444~acl=/api/1/1/e/4/1/0/e41cd7c32cd1acfb79629a8057e3a605.mp3*~data=user_id=0,application_id=42~hmac=c735cf94eba1544b0d10f0dd37d25271a6eed018e0ae9bbd0dcaaabb47f58f9c","2025-07-24","171","United Kingdom","London","Michael Bibi e um DJ e produtor britanico ligado ao tech house moderno, Solid Grooves e releases recentes de alta rotacao.","tech house","Lote tocavel com preview_url real para reforcar recomendacoes de Michael Bibi, incluindo lancamentos recentes como Bad Wolf.","michael_bibi_playable_expansion_20260621","https://www.deezer.com/track/3458494341","3458494341","https://www.deezer.com/track/3458494341","https://cdn-images.dzcdn.net/images/cover/88caf05cec05c61c268b948c204c5e22/500x500-000000-80-0-0.jpg","Michael Bibi","https://www.youtube.com/results?search_query=Michael%20Bibi%20Front%20%26%20Back%20Seat","","","","published","high"
"tech_house","Michael Bibi","Lil Freaky","Summer Sampler 2025","","https://cdnt-preview.dzcdn.net/api/1/1/f/1/3/0/f13e91d6cb5a511870f9274f926abee6.mp3?hdnea=exp=1782073448~acl=/api/1/1/f/1/3/0/f13e91d6cb5a511870f9274f926abee6.mp3*~data=user_id=0,application_id=42~hmac=8228b87b9ab285172a1cbe2f06823b31f09c32b3a279bc670a4407a36b63a842","2025-05-30","210","United Kingdom","London","Michael Bibi e um DJ e produtor britanico ligado ao tech house moderno, Solid Grooves e releases recentes de alta rotacao.","tech house","Lote tocavel com preview_url real para reforcar recomendacoes de Michael Bibi, incluindo lancamentos recentes como Bad Wolf.","michael_bibi_playable_expansion_20260621","https://www.deezer.com/track/3363758001","3363758001","https://www.deezer.com/track/3363758001","https://cdn-images.dzcdn.net/images/cover/9c3a14eab11062efc06d20bc8f4bc452/500x500-000000-80-0-0.jpg","Michael Bibi","https://www.youtube.com/results?search_query=Michael%20Bibi%20Lil%20Freaky","","","","published","high"
"tech_house","Michael Bibi","Sungazing (Electronic Mix)","Sungazing (Electronic Mix)","","https://cdnt-preview.dzcdn.net/api/1/1/e/f/c/0/efc6ac364c1063bdeb373f105892a39d.mp3?hdnea=exp=1782073443~acl=/api/1/1/e/f/c/0/efc6ac364c1063bdeb373f105892a39d.mp3*~data=user_id=0,application_id=42~hmac=cdb0c293faf0836dcc8ec5ee39629cb85afa442af8ae8f93788009b117e0576a","2025-04-25","247","United Kingdom","London","Michael Bibi e um DJ e produtor britanico ligado ao tech house moderno, Solid Grooves e releases recentes de alta rotacao.","tech house","Lote tocavel com preview_url real para reforcar recomendacoes de Michael Bibi, incluindo lancamentos recentes como Bad Wolf.","michael_bibi_playable_expansion_20260621","https://www.deezer.com/track/3310789741","3310789741","https://www.deezer.com/track/3310789741","https://cdn-images.dzcdn.net/images/cover/4df05401e63c2f786e7194656d055972/500x500-000000-80-0-0.jpg","Michael Bibi;Alexa Sunshine Rose","https://www.youtube.com/results?search_query=Michael%20Bibi%20Sungazing%20(Electronic%20Mix)","","","","published","high"
"tech_house","Michael Bibi","Different Side","Different Side","","https://cdnt-preview.dzcdn.net/api/1/1/6/d/e/0/6de20d6ade16b9560637693242d8445f.mp3?hdnea=exp=1782073442~acl=/api/1/1/6/d/e/0/6de20d6ade16b9560637693242d8445f.mp3*~data=user_id=0,application_id=42~hmac=4474044f6631b467612c6880c9102a56aa3945e656a1dae1d6404f6bf2ad23bb","2023-03-03","193","United Kingdom","London","Michael Bibi e um DJ e produtor britanico ligado ao tech house moderno, Solid Grooves e releases recentes de alta rotacao.","tech house","Lote tocavel com preview_url real para reforcar recomendacoes de Michael Bibi, incluindo lancamentos recentes como Bad Wolf.","michael_bibi_playable_expansion_20260621","https://www.deezer.com/track/2147571087","2147571087","https://www.deezer.com/track/2147571087","https://cdn-images.dzcdn.net/images/cover/89d467210915de4c3cb62b28dd54e0d0/500x500-000000-80-0-0.jpg","Michael Bibi;KinAhau;Audio Bullys","https://www.youtube.com/results?search_query=Michael%20Bibi%20Different%20Side","","","","published","high"
"tech_house","Michael Bibi","Don't Look Down","Magic Trip","","https://cdnt-preview.dzcdn.net/api/1/1/9/8/1/0/981ae04c5c745ad2e6641ab68c385799.mp3?hdnea=exp=1782073451~acl=/api/1/1/9/8/1/0/981ae04c5c745ad2e6641ab68c385799.mp3*~data=user_id=0,application_id=42~hmac=74a5da18e983a7abad659148bad1a513b117f9d7eecedfd38b74cc5a3467042d","2022-07-24","337","United Kingdom","London","Michael Bibi e um DJ e produtor britanico ligado ao tech house moderno, Solid Grooves e releases recentes de alta rotacao.","tech house","Lote tocavel com preview_url real para reforcar recomendacoes de Michael Bibi, incluindo lancamentos recentes como Bad Wolf.","michael_bibi_playable_expansion_20260621","https://www.deezer.com/track/2826850912","2826850912","https://www.deezer.com/track/2826850912","https://cdn-images.dzcdn.net/images/cover/a30f5114f9446fa5fbe78ea265234de4/500x500-000000-80-0-0.jpg","Michael Bibi","https://www.youtube.com/results?search_query=Michael%20Bibi%20Don't%20Look%20Down","","","","published","high"
"tech_house","Michael Bibi","Magic Carpet","Magic Trip","","https://cdnt-preview.dzcdn.net/api/1/1/2/9/7/0/297d234a41f02da0b046d387aeb89b93.mp3?hdnea=exp=1782073456~acl=/api/1/1/2/9/7/0/297d234a41f02da0b046d387aeb89b93.mp3*~data=user_id=0,application_id=42~hmac=a3f18f22e0a1128591a7b934a0f16105356a52929c845fd27190b3b5298db310","2022-07-24","354","United Kingdom","London","Michael Bibi e um DJ e produtor britanico ligado ao tech house moderno, Solid Grooves e releases recentes de alta rotacao.","tech house","Lote tocavel com preview_url real para reforcar recomendacoes de Michael Bibi, incluindo lancamentos recentes como Bad Wolf.","michael_bibi_playable_expansion_20260621","https://www.deezer.com/track/2826850892","2826850892","https://www.deezer.com/track/2826850892","https://cdn-images.dzcdn.net/images/cover/a30f5114f9446fa5fbe78ea265234de4/500x500-000000-80-0-0.jpg","Michael Bibi","https://www.youtube.com/results?search_query=Michael%20Bibi%20Magic%20Carpet","","","","published","high"
"tech_house","Michael Bibi","Magic Carpet (Huxley Remix)","Magic Trip","","https://cdnt-preview.dzcdn.net/api/1/1/a/6/1/0/a61e32b27e2b1415e291b4dce0633721.mp3?hdnea=exp=1782073459~acl=/api/1/1/a/6/1/0/a61e32b27e2b1415e291b4dce0633721.mp3*~data=user_id=0,application_id=42~hmac=8861624c80594e8ee43583e64bed587812231313729e3616ea7882808a0a95ff","2022-07-24","437","United Kingdom","London","Michael Bibi e um DJ e produtor britanico ligado ao tech house moderno, Solid Grooves e releases recentes de alta rotacao.","tech house","Lote tocavel com preview_url real para reforcar recomendacoes de Michael Bibi, incluindo lancamentos recentes como Bad Wolf.","michael_bibi_playable_expansion_20260621","https://www.deezer.com/track/2826850902","2826850902","https://www.deezer.com/track/2826850902","https://cdn-images.dzcdn.net/images/cover/a30f5114f9446fa5fbe78ea265234de4/500x500-000000-80-0-0.jpg","Michael Bibi;Huxley","https://www.youtube.com/results?search_query=Michael%20Bibi%20Magic%20Carpet%20(Huxley%20Remix)","","","","published","high"
"tech_house","Michael Bibi","La Murga (Michael's Midnight Mix)","2022 Ibiza Sampler","","https://cdnt-preview.dzcdn.net/api/1/1/c/2/8/0/c284a77be78039cd59f68333cb1fd5bc.mp3?hdnea=exp=1782073445~acl=/api/1/1/c/2/8/0/c284a77be78039cd59f68333cb1fd5bc.mp3*~data=user_id=0,application_id=42~hmac=874e9b28c54ad3631ee85d3c20fbcd9643d02d96982cd77814b217c3aac81686","2022-06-03","206","United Kingdom","London","Michael Bibi e um DJ e produtor britanico ligado ao tech house moderno, Solid Grooves e releases recentes de alta rotacao.","tech house","Lote tocavel com preview_url real para reforcar recomendacoes de Michael Bibi, incluindo lancamentos recentes como Bad Wolf.","michael_bibi_playable_expansion_20260621","https://www.deezer.com/track/1763903377","1763903377","https://www.deezer.com/track/1763903377","https://cdn-images.dzcdn.net/images/cover/ce452e9d9738e3bba2c0bf42c85a453a/500x500-000000-80-0-0.jpg","Michael Bibi","https://www.youtube.com/results?search_query=Michael%20Bibi%20La%20Murga%20(Michael's%20Midnight%20Mix)","","","","published","high"
"tech_house","Michael Bibi","Whispers In The Wind","Summer Sampler 2021","","https://cdnt-preview.dzcdn.net/api/1/1/c/e/0/0/ce037ea62cd63cdb338b19ddcdd525df.mp3?hdnea=exp=1782073449~acl=/api/1/1/c/e/0/0/ce037ea62cd63cdb338b19ddcdd525df.mp3*~data=user_id=0,application_id=42~hmac=51168e3d9725b44a16444bcdbe66d6eea493a458e51bb1c3ed1d6c45d15f6b53","2021-08-27","368","United Kingdom","London","Michael Bibi e um DJ e produtor britanico ligado ao tech house moderno, Solid Grooves e releases recentes de alta rotacao.","tech house","Lote tocavel com preview_url real para reforcar recomendacoes de Michael Bibi, incluindo lancamentos recentes como Bad Wolf.","michael_bibi_playable_expansion_20260621","https://www.deezer.com/track/1465933612","1465933612","https://www.deezer.com/track/1465933612","https://cdn-images.dzcdn.net/images/cover/8a0e02e129644e480d16d3dc3be98ceb/500x500-000000-80-0-0.jpg","Michael Bibi","https://www.youtube.com/results?search_query=Michael%20Bibi%20Whispers%20In%20The%20Wind","","","","published","high"
"tech_house","Michael Bibi","Shaolin Dreams","Shaolin Dreams","","https://cdnt-preview.dzcdn.net/api/1/1/8/4/9/0/84923504f1c0b006e8dceb42422a9427.mp3?hdnea=exp=1782073443~acl=/api/1/1/8/4/9/0/84923504f1c0b006e8dceb42422a9427.mp3*~data=user_id=0,application_id=42~hmac=28b66d470aef56331c8c34b944f6816a0aecf5004988ed0884a9d5ff9c0abc7c","2021-07-29","268","United Kingdom","London","Michael Bibi e um DJ e produtor britanico ligado ao tech house moderno, Solid Grooves e releases recentes de alta rotacao.","tech house","Lote tocavel com preview_url real para reforcar recomendacoes de Michael Bibi, incluindo lancamentos recentes como Bad Wolf.","michael_bibi_playable_expansion_20260621","https://www.deezer.com/track/1439445192","1439445192","https://www.deezer.com/track/1439445192","https://cdn-images.dzcdn.net/images/cover/1809238e957e494659afffcfafb07411/500x500-000000-80-0-0.jpg","Michael Bibi","https://www.youtube.com/results?search_query=Michael%20Bibi%20Shaolin%20Dreams","","","","published","high"
"tech_house","Michael Bibi","PARADISE","Isolat002","","https://cdnt-preview.dzcdn.net/api/1/1/9/f/e/0/9fe9fdb085b707a15b4d24009c0bec1a.mp3?hdnea=exp=1782073444~acl=/api/1/1/9/f/e/0/9fe9fdb085b707a15b4d24009c0bec1a.mp3*~data=user_id=0,application_id=42~hmac=b68fd6cbd6c9a51dfa461883d620f9cf58bf88d67e640545a007d70896897bf2","2021-06-15","216","United Kingdom","London","Michael Bibi e um DJ e produtor britanico ligado ao tech house moderno, Solid Grooves e releases recentes de alta rotacao.","tech house","Lote tocavel com preview_url real para reforcar recomendacoes de Michael Bibi, incluindo lancamentos recentes como Bad Wolf.","michael_bibi_playable_expansion_20260621","https://www.deezer.com/track/2206623027","2206623027","https://www.deezer.com/track/2206623027","https://cdn-images.dzcdn.net/images/cover/d4121be75be8418bd82ca3896d37fe32/500x500-000000-80-0-0.jpg","Michael Bibi;Kitty Got Claws","https://www.youtube.com/results?search_query=Michael%20Bibi%20PARADISE","","","","published","high"
"tech_house","Michael Bibi","Midnight Lullaby","Isolat001","","https://cdnt-preview.dzcdn.net/api/1/1/4/d/2/0/4d205813ebcc240fade23cf4ce64ca06.mp3?hdnea=exp=1782073450~acl=/api/1/1/4/d/2/0/4d205813ebcc240fade23cf4ce64ca06.mp3*~data=user_id=0,application_id=42~hmac=c29fda9ec4aaa7dad83213511433e678f69c43127775cc174b5f19e89c77769b","2020-12-03","438","United Kingdom","London","Michael Bibi e um DJ e produtor britanico ligado ao tech house moderno, Solid Grooves e releases recentes de alta rotacao.","tech house","Lote tocavel com preview_url real para reforcar recomendacoes de Michael Bibi, incluindo lancamentos recentes como Bad Wolf.","michael_bibi_playable_expansion_20260621","https://www.deezer.com/track/2201994717","2201994717","https://www.deezer.com/track/2201994717","https://cdn-images.dzcdn.net/images/cover/b752212bf36a8fd18f6b447576b65133/500x500-000000-80-0-0.jpg","Michael Bibi","https://www.youtube.com/results?search_query=Michael%20Bibi%20Midnight%20Lullaby","","","","published","high"
"tech_house","Michael Bibi","Te amo","Isolat001","","https://cdnt-preview.dzcdn.net/api/1/1/0/6/a/0/06a4d838087e0a69ec0f2008e2548e56.mp3?hdnea=exp=1782073445~acl=/api/1/1/0/6/a/0/06a4d838087e0a69ec0f2008e2548e56.mp3*~data=user_id=0,application_id=42~hmac=a04e64f3f5602fdc0aebb31f4c8b01b94af1b4662724fb446f32772a3b60d125","2020-12-03","438","United Kingdom","London","Michael Bibi e um DJ e produtor britanico ligado ao tech house moderno, Solid Grooves e releases recentes de alta rotacao.","tech house","Lote tocavel com preview_url real para reforcar recomendacoes de Michael Bibi, incluindo lancamentos recentes como Bad Wolf.","michael_bibi_playable_expansion_20260621","https://www.deezer.com/track/2201994707","2201994707","https://www.deezer.com/track/2201994707","https://cdn-images.dzcdn.net/images/cover/b752212bf36a8fd18f6b447576b65133/500x500-000000-80-0-0.jpg","Michael Bibi","https://www.youtube.com/results?search_query=Michael%20Bibi%20Te%20amo","","","","published","high"
"tech_house","Michael Bibi","Dance To The Devil","Dance To The Devil","","https://cdnt-preview.dzcdn.net/api/1/1/5/1/c/0/51c11ddb5c9f780b8355184751542768.mp3?hdnea=exp=1782073444~acl=/api/1/1/5/1/c/0/51c11ddb5c9f780b8355184751542768.mp3*~data=user_id=0,application_id=42~hmac=f3e17d5bd933112a1d345f6ae2191daa8fe00feeab4dead8fc732a77bf26058a","2020-08-14","417","United Kingdom","London","Michael Bibi e um DJ e produtor britanico ligado ao tech house moderno, Solid Grooves e releases recentes de alta rotacao.","tech house","Lote tocavel com preview_url real para reforcar recomendacoes de Michael Bibi, incluindo lancamentos recentes como Bad Wolf.","michael_bibi_playable_expansion_20260621","https://www.deezer.com/track/1037709582","1037709582","https://www.deezer.com/track/1037709582","https://cdn-images.dzcdn.net/images/cover/43952bef6d29b18d9408e887afdaaf21/500x500-000000-80-0-0.jpg","Michael Bibi","https://www.youtube.com/results?search_query=Michael%20Bibi%20Dance%20To%20The%20Devil","","","","published","high"
"tech_house","Michael Bibi","Lemonade","Lemonade","","https://cdnt-preview.dzcdn.net/api/1/1/b/5/0/0/b50a657faaeec30a361c094df99bb3f9.mp3?hdnea=exp=1782073443~acl=/api/1/1/b/5/0/0/b50a657faaeec30a361c094df99bb3f9.mp3*~data=user_id=0,application_id=42~hmac=77fac59be4057911f24037ab1404dc547266c2951da7784260440754a7992134","2020-07-20","373","United Kingdom","London","Michael Bibi e um DJ e produtor britanico ligado ao tech house moderno, Solid Grooves e releases recentes de alta rotacao.","tech house","Lote tocavel com preview_url real para reforcar recomendacoes de Michael Bibi, incluindo lancamentos recentes como Bad Wolf.","michael_bibi_playable_expansion_20260621","https://www.deezer.com/track/1009749852","1009749852","https://www.deezer.com/track/1009749852","https://cdn-images.dzcdn.net/images/cover/b28d9bdc69d61b257f2c965b0685ab04/500x500-000000-80-0-0.jpg","Michael Bibi","https://www.youtube.com/results?search_query=Michael%20Bibi%20Lemonade","","","","published","high"
"tech_house","Michael Bibi","Funk Flex","Garden of Groove EP","","https://cdnt-preview.dzcdn.net/api/1/1/c/7/5/0/c75f1ecdf4e2ad0e1c1d03e38dc5ee2c.mp3?hdnea=exp=1782073452~acl=/api/1/1/c/7/5/0/c75f1ecdf4e2ad0e1c1d03e38dc5ee2c.mp3*~data=user_id=0,application_id=42~hmac=8b33cf51c5c6f1d7ba4ab3ee98f903cc5c7494d2f735235254f377d8abba0d32","2019-10-04","382","United Kingdom","London","Michael Bibi e um DJ e produtor britanico ligado ao tech house moderno, Solid Grooves e releases recentes de alta rotacao.","tech house","Lote tocavel com preview_url real para reforcar recomendacoes de Michael Bibi, incluindo lancamentos recentes como Bad Wolf.","michael_bibi_playable_expansion_20260621","https://www.deezer.com/track/2204869197","2204869197","https://www.deezer.com/track/2204869197","https://cdn-images.dzcdn.net/images/cover/a50af7b954215e406cd9513e8f720306/500x500-000000-80-0-0.jpg","Michael Bibi","https://www.youtube.com/results?search_query=Michael%20Bibi%20Funk%20Flex","","","","published","high"
"tech_house","Michael Bibi","Garden Of Groove","Garden of Groove EP","","https://cdnt-preview.dzcdn.net/api/1/1/7/f/5/0/7f5350778963628282854f2674cae8de.mp3?hdnea=exp=1782073447~acl=/api/1/1/7/f/5/0/7f5350778963628282854f2674cae8de.mp3*~data=user_id=0,application_id=42~hmac=26e5e9dc05615e2ffdb784489074810548cbf6f4dd7096336d2de3a150488dc1","2019-10-04","433","United Kingdom","London","Michael Bibi e um DJ e produtor britanico ligado ao tech house moderno, Solid Grooves e releases recentes de alta rotacao.","tech house","Lote tocavel com preview_url real para reforcar recomendacoes de Michael Bibi, incluindo lancamentos recentes como Bad Wolf.","michael_bibi_playable_expansion_20260621","https://www.deezer.com/track/2204869187","2204869187","https://www.deezer.com/track/2204869187","https://cdn-images.dzcdn.net/images/cover/a50af7b954215e406cd9513e8f720306/500x500-000000-80-0-0.jpg","Michael Bibi","https://www.youtube.com/results?search_query=Michael%20Bibi%20Garden%20Of%20Groove","","","","published","high"
"tech_house","Michael Bibi","Garden Of Groove (Lee Foss & Mason Maynard Remix)","Garden of Groove EP","","https://cdnt-preview.dzcdn.net/api/1/1/c/a/9/0/ca92f2061729ab9fd649a59b808b9305.mp3?hdnea=exp=1782073451~acl=/api/1/1/c/a/9/0/ca92f2061729ab9fd649a59b808b9305.mp3*~data=user_id=0,application_id=42~hmac=e2816de436a343698e7d9b3b384ac26478dc06dc1d5c358f123450e989abadd9","2019-10-04","307","United Kingdom","London","Michael Bibi e um DJ e produtor britanico ligado ao tech house moderno, Solid Grooves e releases recentes de alta rotacao.","tech house","Lote tocavel com preview_url real para reforcar recomendacoes de Michael Bibi, incluindo lancamentos recentes como Bad Wolf.","michael_bibi_playable_expansion_20260621","https://www.deezer.com/track/2204869207","2204869207","https://www.deezer.com/track/2204869207","https://cdn-images.dzcdn.net/images/cover/a50af7b954215e406cd9513e8f720306/500x500-000000-80-0-0.jpg","Michael Bibi;Lee Foss;Mason Maynard","https://www.youtube.com/results?search_query=Michael%20Bibi%20Garden%20Of%20Groove%20(Lee%20Foss%20%26%20Mason%20Maynard%20Remix)","","","","published","high"
"tech_house","Michael Bibi","Isolate Ctrl","2019 Ibiza Sampler","","https://cdnt-preview.dzcdn.net/api/1/1/2/7/e/0/27ef4bd7904bb58ba57775d3d5026003.mp3?hdnea=exp=1782073448~acl=/api/1/1/2/7/e/0/27ef4bd7904bb58ba57775d3d5026003.mp3*~data=user_id=0,application_id=42~hmac=5ed182dbcc84443c9e572761faacf0a73678c089bcc3af70e9296193a91b06fd","2019-06-28","401","United Kingdom","London","Michael Bibi e um DJ e produtor britanico ligado ao tech house moderno, Solid Grooves e releases recentes de alta rotacao.","tech house","Lote tocavel com preview_url real para reforcar recomendacoes de Michael Bibi, incluindo lancamentos recentes como Bad Wolf.","michael_bibi_playable_expansion_20260621","https://www.deezer.com/track/699764842","699764842","https://www.deezer.com/track/699764842","https://cdn-images.dzcdn.net/images/cover/4a54ecd3208a5a027b4809fee6be544d/500x500-000000-80-0-0.jpg","Michael Bibi","https://www.youtube.com/results?search_query=Michael%20Bibi%20Isolate%20Ctrl","","","","published","high"
"tech_house","Michael Bibi","Frequency","Frequency","","https://cdnt-preview.dzcdn.net/api/1/1/6/b/1/0/6b179e00c76a0ffde6cdab633bfc06cf.mp3?hdnea=exp=1782073460~acl=/api/1/1/6/b/1/0/6b179e00c76a0ffde6cdab633bfc06cf.mp3*~data=user_id=0,application_id=42~hmac=41f641e60ac0e9c50a1fe44546db972af79ecc4df2357933b42ad40cd43d2e1c","2019-03-04","347","United Kingdom","London","Michael Bibi e um DJ e produtor britanico ligado ao tech house moderno, Solid Grooves e releases recentes de alta rotacao.","tech house","Lote tocavel com preview_url real para reforcar recomendacoes de Michael Bibi, incluindo lancamentos recentes como Bad Wolf.","michael_bibi_playable_expansion_20260621","https://www.deezer.com/track/638853482","638853482","https://www.deezer.com/track/638853482","https://cdn-images.dzcdn.net/images/cover/a06b74aca7cd813c05eca34638432def/500x500-000000-80-0-0.jpg","Michael Bibi","https://www.youtube.com/results?search_query=Michael%20Bibi%20Frequency","","","","published","high"
"tech_house","Michael Bibi","Hanging Tree","Repopulate Mars","126","","2018-11-16","371","United Kingdom","London","Michael Bibi e um DJ e produtor britanico ligado ao tech house moderno, Solid Grooves e Repopulate Mars.","tech house","Hanging Tree agora entra com Bandcamp track id para abrir embed no player do app.","michael_bibi_playable_expansion_20260621","https://repopulatemars.bandcamp.com/track/hanging-tree-original-mix","","","","Michael Bibi","https://www.youtube.com/watch?v=g8oADIuyWYU","","https://repopulatemars.bandcamp.com/track/hanging-tree-original-mix","2895187749","published","high"
"tech_house","Michael Bibi","Boomin","Boomin","","https://cdnt-preview.dzcdn.net/api/1/1/3/7/3/0/3736f4ae505c4958ad5f0e499a51c689.mp3?hdnea=exp=1782073447~acl=/api/1/1/3/7/3/0/3736f4ae505c4958ad5f0e499a51c689.mp3*~data=user_id=0,application_id=42~hmac=6255f1496ead2937783c878461c3920a7c59987fa234e131c93a7bb0f48a0fee","2018-07-06","257","United Kingdom","London","Michael Bibi e um DJ e produtor britanico ligado ao tech house moderno, Solid Grooves e releases recentes de alta rotacao.","tech house","Lote tocavel com preview_url real para reforcar recomendacoes de Michael Bibi, incluindo lancamentos recentes como Bad Wolf.","michael_bibi_playable_expansion_20260621","https://www.deezer.com/track/679964692","679964692","https://www.deezer.com/track/679964692","https://cdn-images.dzcdn.net/images/cover/70f7496bd7d973133db2987bcf05710b/500x500-000000-80-0-0.jpg","Michael Bibi","https://www.youtube.com/results?search_query=Michael%20Bibi%20Boomin","","","","published","high"
"tech_house","Michael Bibi","Boomin (Original Mix)","Boomin","","https://cdnt-preview.dzcdn.net/api/1/1/2/9/a/0/29a8cfd131257b624900fadb3c00c4f9.mp3?hdnea=exp=1782073456~acl=/api/1/1/2/9/a/0/29a8cfd131257b624900fadb3c00c4f9.mp3*~data=user_id=0,application_id=42~hmac=4e8715ae6a2e361af992c4912454b8384a49b9a489d5092d13847d5c255c7732","2018-07-06","384","United Kingdom","London","Michael Bibi e um DJ e produtor britanico ligado ao tech house moderno, Solid Grooves e releases recentes de alta rotacao.","tech house","Lote tocavel com preview_url real para reforcar recomendacoes de Michael Bibi, incluindo lancamentos recentes como Bad Wolf.","michael_bibi_playable_expansion_20260621","https://www.deezer.com/track/679964762","679964762","https://www.deezer.com/track/679964762","https://cdn-images.dzcdn.net/images/cover/70f7496bd7d973133db2987bcf05710b/500x500-000000-80-0-0.jpg","Michael Bibi","https://www.youtube.com/results?search_query=Michael%20Bibi%20Boomin%20(Original%20Mix)","","","","published","high"
"tech_house","Michael Bibi","Truth & Lies","2018 Ibiza Sampler","","https://cdnt-preview.dzcdn.net/api/1/1/2/b/8/0/2b850a19f13d63bc5425e96e7f1e068e.mp3?hdnea=exp=1782073450~acl=/api/1/1/2/b/8/0/2b850a19f13d63bc5425e96e7f1e068e.mp3*~data=user_id=0,application_id=42~hmac=62b202c21ca06b7ec1812a892f1ff13cefbc779178be9228d1ac63b7386941cf","2018-06-22","403","United Kingdom","London","Michael Bibi e um DJ e produtor britanico ligado ao tech house moderno, Solid Grooves e releases recentes de alta rotacao.","tech house","Lote tocavel com preview_url real para reforcar recomendacoes de Michael Bibi, incluindo lancamentos recentes como Bad Wolf.","michael_bibi_playable_expansion_20260621","https://www.deezer.com/track/513178682","513178682","https://www.deezer.com/track/513178682","https://cdn-images.dzcdn.net/images/cover/4c9bc52429ea4523e27385f843a35f82/500x500-000000-80-0-0.jpg","Michael Bibi","https://www.youtube.com/results?search_query=Michael%20Bibi%20Truth%20%26%20Lies","","","","published","high"
"tech_house","Michael Bibi","Wet Glue","Youth Culture EP","","https://cdnt-preview.dzcdn.net/api/1/1/8/c/9/0/8c9160c7786f054907cd9cde62149053.mp3?hdnea=exp=1782073445~acl=/api/1/1/8/c/9/0/8c9160c7786f054907cd9cde62149053.mp3*~data=user_id=0,application_id=42~hmac=79097dfbcde68baa805864afbf644ad93cd8fc863b569610ee6c1801e7324a7a","2018-05-14","385","United Kingdom","London","Michael Bibi e um DJ e produtor britanico ligado ao tech house moderno, Solid Grooves e releases recentes de alta rotacao.","tech house","Lote tocavel com preview_url real para reforcar recomendacoes de Michael Bibi, incluindo lancamentos recentes como Bad Wolf.","michael_bibi_playable_expansion_20260621","https://www.deezer.com/track/497120672","497120672","https://www.deezer.com/track/497120672","https://cdn-images.dzcdn.net/images/cover/640aef4f0faefaf9d6014c54aacb4385/500x500-000000-80-0-0.jpg","Michael Bibi","https://www.youtube.com/results?search_query=Michael%20Bibi%20Wet%20Glue","","","","published","high"
"tech_house","Michael Bibi","Youth Culture","Youth Culture EP","","https://cdnt-preview.dzcdn.net/api/1/1/0/a/d/0/0ad62686502723808e1e4befa80490e0.mp3?hdnea=exp=1782073449~acl=/api/1/1/0/a/d/0/0ad62686502723808e1e4befa80490e0.mp3*~data=user_id=0,application_id=42~hmac=8cf132957469cbc092a7a1ba9d0e56530f85769a2a711e744dd9d74d5f9550c8","2018-05-14","354","United Kingdom","London","Michael Bibi e um DJ e produtor britanico ligado ao tech house moderno, Solid Grooves e releases recentes de alta rotacao.","tech house","Lote tocavel com preview_url real para reforcar recomendacoes de Michael Bibi, incluindo lancamentos recentes como Bad Wolf.","michael_bibi_playable_expansion_20260621","https://www.deezer.com/track/497120662","497120662","https://www.deezer.com/track/497120662","https://cdn-images.dzcdn.net/images/cover/640aef4f0faefaf9d6014c54aacb4385/500x500-000000-80-0-0.jpg","Michael Bibi","https://www.youtube.com/results?search_query=Michael%20Bibi%20Youth%20Culture","","","","published","high"
"tech_house","Michael Bibi","Got The Fire","Got The Fire EP","","https://cdnt-preview.dzcdn.net/api/1/1/e/1/a/0/e1ab77cf17340d412e63c4bd63cd9503.mp3?hdnea=exp=1782073442~acl=/api/1/1/e/1/a/0/e1ab77cf17340d412e63c4bd63cd9503.mp3*~data=user_id=0,application_id=42~hmac=87ef6e2cfed9577e76562446b29195cf1b1b8c0bf12582d9c43d0ddf07e4912c","2018-02-09","221","United Kingdom","London","Michael Bibi e um DJ e produtor britanico ligado ao tech house moderno, Solid Grooves e releases recentes de alta rotacao.","tech house","Lote tocavel com preview_url real para reforcar recomendacoes de Michael Bibi, incluindo lancamentos recentes como Bad Wolf.","michael_bibi_playable_expansion_20260621","https://www.deezer.com/track/457348062","457348062","https://www.deezer.com/track/457348062","https://cdn-images.dzcdn.net/images/cover/72f79f767495d5108167f9c7829e9532/500x500-000000-80-0-0.jpg","Michael Bibi","https://www.youtube.com/results?search_query=Michael%20Bibi%20Got%20The%20Fire","","","","published","high"
"tech_house","Michael Bibi","Stay Missing","Got The Fire EP","","https://cdnt-preview.dzcdn.net/api/1/1/5/4/7/0/5477870237694ae9e4c7681a55a4ba58.mp3?hdnea=exp=1782073452~acl=/api/1/1/5/4/7/0/5477870237694ae9e4c7681a55a4ba58.mp3*~data=user_id=0,application_id=42~hmac=5ccdd876798a438727f904a35dd91c99b7c170293392c4d68644f465c846618b","2018-02-09","197","United Kingdom","London","Michael Bibi e um DJ e produtor britanico ligado ao tech house moderno, Solid Grooves e releases recentes de alta rotacao.","tech house","Lote tocavel com preview_url real para reforcar recomendacoes de Michael Bibi, incluindo lancamentos recentes como Bad Wolf.","michael_bibi_playable_expansion_20260621","https://www.deezer.com/track/457348052","457348052","https://www.deezer.com/track/457348052","https://cdn-images.dzcdn.net/images/cover/72f79f767495d5108167f9c7829e9532/500x500-000000-80-0-0.jpg","Michael Bibi","https://www.youtube.com/results?search_query=Michael%20Bibi%20Stay%20Missing","","","","published","high"
"tech_house","Michael Bibi","What's Wrong Or Right","Got The Fire EP","","https://cdnt-preview.dzcdn.net/api/1/1/0/6/8/0/0688c4813ad971cb0e2d8a59fb2f7574.mp3?hdnea=exp=1782073455~acl=/api/1/1/0/6/8/0/0688c4813ad971cb0e2d8a59fb2f7574.mp3*~data=user_id=0,application_id=42~hmac=6d23b5f02fdfbd197c696447e90b18d04b5b6439314ab3cc260b207a878bc29d","2018-02-09","271","United Kingdom","London","Michael Bibi e um DJ e produtor britanico ligado ao tech house moderno, Solid Grooves e releases recentes de alta rotacao.","tech house","Lote tocavel com preview_url real para reforcar recomendacoes de Michael Bibi, incluindo lancamentos recentes como Bad Wolf.","michael_bibi_playable_expansion_20260621","https://www.deezer.com/track/457348072","457348072","https://www.deezer.com/track/457348072","https://cdn-images.dzcdn.net/images/cover/72f79f767495d5108167f9c7829e9532/500x500-000000-80-0-0.jpg","Michael Bibi","https://www.youtube.com/results?search_query=Michael%20Bibi%20What's%20Wrong%20Or%20Right","","","","published","high"
"tech_house","Michael Bibi","Playzone","Smoke Signals","","https://cdnt-preview.dzcdn.net/api/1/1/9/e/c/0/9ec7ffadca6af6af1b2e8b63cfeb6a67.mp3?hdnea=exp=1782073453~acl=/api/1/1/9/e/c/0/9ec7ffadca6af6af1b2e8b63cfeb6a67.mp3*~data=user_id=0,application_id=42~hmac=8407fb2de7d1b84e5e407aef7d549c53dd2f03f9975263613d90d7d59596b696","2017-10-13","374","United Kingdom","London","Michael Bibi e um DJ e produtor britanico ligado ao tech house moderno, Solid Grooves e releases recentes de alta rotacao.","tech house","Lote tocavel com preview_url real para reforcar recomendacoes de Michael Bibi, incluindo lancamentos recentes como Bad Wolf.","michael_bibi_playable_expansion_20260621","https://www.deezer.com/track/414957972","414957972","https://www.deezer.com/track/414957972","https://cdn-images.dzcdn.net/images/cover/53eeca0cad3727a747a66d8686941bb6/500x500-000000-80-0-0.jpg","Michael Bibi","https://www.youtube.com/results?search_query=Michael%20Bibi%20Playzone","","","","published","high"
"tech_house","Michael Bibi","Natural Root (Original Mix)","Natural Root EP","","https://cdnt-preview.dzcdn.net/api/1/1/1/1/b/0/11b1c4989a70f1da3b75832760516a13.mp3?hdnea=exp=1782073454~acl=/api/1/1/1/1/b/0/11b1c4989a70f1da3b75832760516a13.mp3*~data=user_id=0,application_id=42~hmac=d3c1b5b0b57117d15b96732c3be53191b9526c75aba76cdeb130b6cb2125d950","2017-08-18","399","United Kingdom","London","Michael Bibi e um DJ e produtor britanico ligado ao tech house moderno, Solid Grooves e releases recentes de alta rotacao.","tech house","Lote tocavel com preview_url real para reforcar recomendacoes de Michael Bibi, incluindo lancamentos recentes como Bad Wolf.","michael_bibi_playable_expansion_20260621","https://www.deezer.com/track/679964562","679964562","https://www.deezer.com/track/679964562","https://cdn-images.dzcdn.net/images/cover/a035c8db5e1c88c53dffaf951c3a1f7c/500x500-000000-80-0-0.jpg","Michael Bibi","https://www.youtube.com/results?search_query=Michael%20Bibi%20Natural%20Root%20(Original%20Mix)","","","","published","high"
"tech_house","Michael Bibi","Telling You (Anek Remix)","Natural Root EP","","https://cdnt-preview.dzcdn.net/api/1/1/b/f/3/0/bf3b7c3b392bc770c2220f0c60925cc2.mp3?hdnea=exp=1782073457~acl=/api/1/1/b/f/3/0/bf3b7c3b392bc770c2220f0c60925cc2.mp3*~data=user_id=0,application_id=42~hmac=994fc84e812c69960ce4ee29d4a32d20144ae7fbff092f072f5f7a60f4338bca","2017-08-18","387","United Kingdom","London","Michael Bibi e um DJ e produtor britanico ligado ao tech house moderno, Solid Grooves e releases recentes de alta rotacao.","tech house","Lote tocavel com preview_url real para reforcar recomendacoes de Michael Bibi, incluindo lancamentos recentes como Bad Wolf.","michael_bibi_playable_expansion_20260621","https://www.deezer.com/track/679964582","679964582","https://www.deezer.com/track/679964582","https://cdn-images.dzcdn.net/images/cover/a035c8db5e1c88c53dffaf951c3a1f7c/500x500-000000-80-0-0.jpg","Michael Bibi","https://www.youtube.com/results?search_query=Michael%20Bibi%20Telling%20You%20(Anek%20Remix)","","","","published","high"
"tech_house","Michael Bibi","Telling You (Original Mix)","Natural Root EP","","https://cdnt-preview.dzcdn.net/api/1/1/6/5/b/0/65bf4bee03a35e3c9979c0234beb5252.mp3?hdnea=exp=1782073460~acl=/api/1/1/6/5/b/0/65bf4bee03a35e3c9979c0234beb5252.mp3*~data=user_id=0,application_id=42~hmac=db6938ae670818ce780fe90715fe79d42ec0522c7388597d167626ec3e4e11bb","2017-08-18","402","United Kingdom","London","Michael Bibi e um DJ e produtor britanico ligado ao tech house moderno, Solid Grooves e releases recentes de alta rotacao.","tech house","Lote tocavel com preview_url real para reforcar recomendacoes de Michael Bibi, incluindo lancamentos recentes como Bad Wolf.","michael_bibi_playable_expansion_20260621","https://www.deezer.com/track/679964572","679964572","https://www.deezer.com/track/679964572","https://cdn-images.dzcdn.net/images/cover/a035c8db5e1c88c53dffaf951c3a1f7c/500x500-000000-80-0-0.jpg","Michael Bibi","https://www.youtube.com/results?search_query=Michael%20Bibi%20Telling%20You%20(Original%20Mix)","","","","published","high"
"tech_house","Michael Bibi","Devil's Candy","2017 Ibiza Sampler","","https://cdnt-preview.dzcdn.net/api/1/1/b/a/b/0/bab2ce86338cfeb797bdd70f18b4bea3.mp3?hdnea=exp=1782073446~acl=/api/1/1/b/a/b/0/bab2ce86338cfeb797bdd70f18b4bea3.mp3*~data=user_id=0,application_id=42~hmac=b417df246ce5ed8e00f4871d4b4fefaddebfd346a9e2d6599ce0f6c7dc7c7107","2017-06-09","359","United Kingdom","London","Michael Bibi e um DJ e produtor britanico ligado ao tech house moderno, Solid Grooves e releases recentes de alta rotacao.","tech house","Lote tocavel com preview_url real para reforcar recomendacoes de Michael Bibi, incluindo lancamentos recentes como Bad Wolf.","michael_bibi_playable_expansion_20260621","https://www.deezer.com/track/371203271","371203271","https://www.deezer.com/track/371203271","https://cdn-images.dzcdn.net/images/cover/a710d8d99158a3c7524cf13668126b2a/500x500-000000-80-0-0.jpg","Michael Bibi","https://www.youtube.com/results?search_query=Michael%20Bibi%20Devil's%20Candy","","","","published","high"
"tech_house","Michael Bibi","Be Mine","Be Mine EP","","https://cdnt-preview.dzcdn.net/api/1/1/f/0/5/0/f05c16e5beb8576bbcde9b269c1218ef.mp3?hdnea=exp=1782073453~acl=/api/1/1/f/0/5/0/f05c16e5beb8576bbcde9b269c1218ef.mp3*~data=user_id=0,application_id=42~hmac=3c6c7f1d5850aacddf963d25153eea0b18551111edabf26f0f2c30a0ce8e2d41","2016-09-09","360","United Kingdom","London","Michael Bibi e um DJ e produtor britanico ligado ao tech house moderno, Solid Grooves e releases recentes de alta rotacao.","tech house","Lote tocavel com preview_url real para reforcar recomendacoes de Michael Bibi, incluindo lancamentos recentes como Bad Wolf.","michael_bibi_playable_expansion_20260621","https://www.deezer.com/track/131762064","131762064","https://www.deezer.com/track/131762064","https://cdn-images.dzcdn.net/images/cover/686808ca9d17ccb19dcf8801b8fee7a4/500x500-000000-80-0-0.jpg","Michael Bibi","https://www.youtube.com/results?search_query=Michael%20Bibi%20Be%20Mine","","","","published","high"
"tech_house","Michael Bibi","Be Mine (Sabb Remix)","Be Mine EP","","https://cdnt-preview.dzcdn.net/api/1/1/c/1/5/0/c15b527f773b8a8ad7eb9a48d56b841b.mp3?hdnea=exp=1782073453~acl=/api/1/1/c/1/5/0/c15b527f773b8a8ad7eb9a48d56b841b.mp3*~data=user_id=0,application_id=42~hmac=f04e0cbbfbce59349d5843205819333db68a8db73fdc24d3ecb8358505eae70c","2016-09-09","407","United Kingdom","London","Michael Bibi e um DJ e produtor britanico ligado ao tech house moderno, Solid Grooves e releases recentes de alta rotacao.","tech house","Lote tocavel com preview_url real para reforcar recomendacoes de Michael Bibi, incluindo lancamentos recentes como Bad Wolf.","michael_bibi_playable_expansion_20260621","https://www.deezer.com/track/131762068","131762068","https://www.deezer.com/track/131762068","https://cdn-images.dzcdn.net/images/cover/686808ca9d17ccb19dcf8801b8fee7a4/500x500-000000-80-0-0.jpg","Michael Bibi;Sabb","https://www.youtube.com/results?search_query=Michael%20Bibi%20Be%20Mine%20(Sabb%20Remix)","","","","published","high"
"tech_house","Michael Bibi","Pressure","Be Mine EP","","https://cdnt-preview.dzcdn.net/api/1/1/3/d/6/0/3d6414335431e786e99ce59645a4a073.mp3?hdnea=exp=1782073451~acl=/api/1/1/3/d/6/0/3d6414335431e786e99ce59645a4a073.mp3*~data=user_id=0,application_id=42~hmac=0ede0cac2c75507d2d9c176928acf1e45f1ab5160e3efd9715a875f61449121c","2016-09-09","382","United Kingdom","London","Michael Bibi e um DJ e produtor britanico ligado ao tech house moderno, Solid Grooves e releases recentes de alta rotacao.","tech house","Lote tocavel com preview_url real para reforcar recomendacoes de Michael Bibi, incluindo lancamentos recentes como Bad Wolf.","michael_bibi_playable_expansion_20260621","https://www.deezer.com/track/131762066","131762066","https://www.deezer.com/track/131762066","https://cdn-images.dzcdn.net/images/cover/686808ca9d17ccb19dcf8801b8fee7a4/500x500-000000-80-0-0.jpg","Michael Bibi","https://www.youtube.com/results?search_query=Michael%20Bibi%20Pressure","","","","published","high"
"tech_house","Michael Bibi","Intersection","2016 Ibiza Sampler","","https://cdnt-preview.dzcdn.net/api/1/1/4/7/d/0/47d7d292b0cb52d0cbb9e85f4a626f59.mp3?hdnea=exp=1782073447~acl=/api/1/1/4/7/d/0/47d7d292b0cb52d0cbb9e85f4a626f59.mp3*~data=user_id=0,application_id=42~hmac=d7b82c8663b7ea0286b9e8964975b27d10c69fae6c797be6ed95d2cd6b681f7f","2016-07-08","391","United Kingdom","London","Michael Bibi e um DJ e produtor britanico ligado ao tech house moderno, Solid Grooves e releases recentes de alta rotacao.","tech house","Lote tocavel com preview_url real para reforcar recomendacoes de Michael Bibi, incluindo lancamentos recentes como Bad Wolf.","michael_bibi_playable_expansion_20260621","https://www.deezer.com/track/128077653","128077653","https://www.deezer.com/track/128077653","https://cdn-images.dzcdn.net/images/cover/e09e636ce5e6ceef05c716b27456544c/500x500-000000-80-0-0.jpg","Michael Bibi","https://www.youtube.com/results?search_query=Michael%20Bibi%20Intersection","","","","published","high"
"tech_house","Michael Bibi","Labyrinth","Labyrinth","","https://cdnt-preview.dzcdn.net/api/1/1/8/9/c/0/89cbafc12b4ce8e017589a4a2b5fad46.mp3?hdnea=exp=1782073458~acl=/api/1/1/8/9/c/0/89cbafc12b4ce8e017589a4a2b5fad46.mp3*~data=user_id=0,application_id=42~hmac=1a8124346671a84fa508adcd68fdfe92f464849441d1f366de2c5449e1906e57","2016-06-10","189","United Kingdom","London","Michael Bibi e um DJ e produtor britanico ligado ao tech house moderno, Solid Grooves e releases recentes de alta rotacao.","tech house","Lote tocavel com preview_url real para reforcar recomendacoes de Michael Bibi, incluindo lancamentos recentes como Bad Wolf.","michael_bibi_playable_expansion_20260621","https://www.deezer.com/track/2633777762","2633777762","https://www.deezer.com/track/2633777762","https://cdn-images.dzcdn.net/images/cover/88952fb7eb19b44352defe25f770b9c6/500x500-000000-80-0-0.jpg","Michael Bibi","https://www.youtube.com/results?search_query=Michael%20Bibi%20Labyrinth","","","","published","high"
"tech_house","Michael Bibi","Excuse You","Restoration EP","","https://cdnt-preview.dzcdn.net/api/1/1/3/b/8/0/3b81ea258f4fa925c45fcfd94293ccd5.mp3?hdnea=exp=1782073460~acl=/api/1/1/3/b/8/0/3b81ea258f4fa925c45fcfd94293ccd5.mp3*~data=user_id=0,application_id=42~hmac=1605cfcc7561f5e2ba0ddfce76e6d3972f96f02e20aa916e3c15887ac6e2f27c","2016-01-11","383","United Kingdom","London","Michael Bibi e um DJ e produtor britanico ligado ao tech house moderno, Solid Grooves e releases recentes de alta rotacao.","tech house","Lote tocavel com preview_url real para reforcar recomendacoes de Michael Bibi, incluindo lancamentos recentes como Bad Wolf.","michael_bibi_playable_expansion_20260621","https://www.deezer.com/track/117098136","117098136","https://www.deezer.com/track/117098136","https://cdn-images.dzcdn.net/images/cover/4b942d78939948aaa49eb71b7185a38c/500x500-000000-80-0-0.jpg","Michael Bibi","https://www.youtube.com/results?search_query=Michael%20Bibi%20Excuse%20You","","","","published","high"
"tech_house","Michael Bibi","Excuse You (ONNO Remix)","Restoration EP","","https://cdnt-preview.dzcdn.net/api/1/1/a/8/3/0/a83ffd4513129372a9607c6bc5b798e3.mp3?hdnea=exp=1782073446~acl=/api/1/1/a/8/3/0/a83ffd4513129372a9607c6bc5b798e3.mp3*~data=user_id=0,application_id=42~hmac=c04ba4afb83647ffcd74ed733526a1ab95d06e57466d3e1e3a1a7ffb91d22788","2016-01-11","414","United Kingdom","London","Michael Bibi e um DJ e produtor britanico ligado ao tech house moderno, Solid Grooves e releases recentes de alta rotacao.","tech house","Lote tocavel com preview_url real para reforcar recomendacoes de Michael Bibi, incluindo lancamentos recentes como Bad Wolf.","michael_bibi_playable_expansion_20260621","https://www.deezer.com/track/117098140","117098140","https://www.deezer.com/track/117098140","https://cdn-images.dzcdn.net/images/cover/4b942d78939948aaa49eb71b7185a38c/500x500-000000-80-0-0.jpg","Michael Bibi;Onno","https://www.youtube.com/results?search_query=Michael%20Bibi%20Excuse%20You%20(ONNO%20Remix)","","","","published","high"
"tech_house","Michael Bibi","Restoration","Restoration EP","","https://cdnt-preview.dzcdn.net/api/1/1/0/4/3/0/043fa2783628240adcbffafb206fc53f.mp3?hdnea=exp=1782073448~acl=/api/1/1/0/4/3/0/043fa2783628240adcbffafb206fc53f.mp3*~data=user_id=0,application_id=42~hmac=210f2b2ecf079373332813c8638b081f0d99f483219addc247fa1492284d0229","2016-01-11","406","United Kingdom","London","Michael Bibi e um DJ e produtor britanico ligado ao tech house moderno, Solid Grooves e releases recentes de alta rotacao.","tech house","Lote tocavel com preview_url real para reforcar recomendacoes de Michael Bibi, incluindo lancamentos recentes como Bad Wolf.","michael_bibi_playable_expansion_20260621","https://www.deezer.com/track/117098134","117098134","https://www.deezer.com/track/117098134","https://cdn-images.dzcdn.net/images/cover/4b942d78939948aaa49eb71b7185a38c/500x500-000000-80-0-0.jpg","Michael Bibi","https://www.youtube.com/results?search_query=Michael%20Bibi%20Restoration","","","","published","high"
"tech_house","Michael Bibi","Standing Near","Restoration EP","","https://cdnt-preview.dzcdn.net/api/1/1/9/f/f/0/9ff3842d8d6635bf243c580ab9ad2fc8.mp3?hdnea=exp=1782073456~acl=/api/1/1/9/f/f/0/9ff3842d8d6635bf243c580ab9ad2fc8.mp3*~data=user_id=0,application_id=42~hmac=8aca30a529926ec020fa98e3938f4a63bab3c36e41cee138c42c3bdf3f5bcccb","2016-01-11","419","United Kingdom","London","Michael Bibi e um DJ e produtor britanico ligado ao tech house moderno, Solid Grooves e releases recentes de alta rotacao.","tech house","Lote tocavel com preview_url real para reforcar recomendacoes de Michael Bibi, incluindo lancamentos recentes como Bad Wolf.","michael_bibi_playable_expansion_20260621","https://www.deezer.com/track/117098138","117098138","https://www.deezer.com/track/117098138","https://cdn-images.dzcdn.net/images/cover/4b942d78939948aaa49eb71b7185a38c/500x500-000000-80-0-0.jpg","Michael Bibi","https://www.youtube.com/results?search_query=Michael%20Bibi%20Standing%20Near","","","","published","high"
"tech_house","Michael Bibi","Pumbaya","Clarity EP","","https://cdnt-preview.dzcdn.net/api/1/1/5/a/6/0/5a665a42a7e151e97f5575a3b73b59df.mp3?hdnea=exp=1782073450~acl=/api/1/1/5/a/6/0/5a665a42a7e151e97f5575a3b73b59df.mp3*~data=user_id=0,application_id=42~hmac=cba06baa4f62ad9a20f46ab3ca561db19c41cb2b539092746f42a617bb086bfc","2015-05-18","433","United Kingdom","London","Michael Bibi e um DJ e produtor britanico ligado ao tech house moderno, Solid Grooves e releases recentes de alta rotacao.","tech house","Lote tocavel com preview_url real para reforcar recomendacoes de Michael Bibi, incluindo lancamentos recentes como Bad Wolf.","michael_bibi_playable_expansion_20260621","https://www.deezer.com/track/100569278","100569278","https://www.deezer.com/track/100569278","https://cdn-images.dzcdn.net/images/cover/4c54a1f471b3a923bb79391ad1272d03/500x500-000000-80-0-0.jpg","Michael Bibi","https://www.youtube.com/results?search_query=Michael%20Bibi%20Pumbaya","","","","published","high"
"tech_house","Michael Bibi","Took My Love","Clarity EP","","https://cdnt-preview.dzcdn.net/api/1/1/6/4/5/0/64564b6cb5aa2650ab1e97fcc4d657aa.mp3?hdnea=exp=1782073454~acl=/api/1/1/6/4/5/0/64564b6cb5aa2650ab1e97fcc4d657aa.mp3*~data=user_id=0,application_id=42~hmac=4295a311ca3351873e0d8392b7cdad3843e0c600bbf9e7cb394936082a9d558c","2015-05-18","384","United Kingdom","London","Michael Bibi e um DJ e produtor britanico ligado ao tech house moderno, Solid Grooves e releases recentes de alta rotacao.","tech house","Lote tocavel com preview_url real para reforcar recomendacoes de Michael Bibi, incluindo lancamentos recentes como Bad Wolf.","michael_bibi_playable_expansion_20260621","https://www.deezer.com/track/100569280","100569280","https://www.deezer.com/track/100569280","https://cdn-images.dzcdn.net/images/cover/4c54a1f471b3a923bb79391ad1272d03/500x500-000000-80-0-0.jpg","Michael Bibi","https://www.youtube.com/results?search_query=Michael%20Bibi%20Took%20My%20Love","","","","published","high"
"tech_house","Michael Bibi","Feel My Freak (Deboa & Hannah Holland Remix) (Deboa,Hannah Holland)","Feel My Freak EP","","https://cdnt-preview.dzcdn.net/api/1/1/e/4/4/0/e4404589b3e65b155d75b5d89e50362d.mp3?hdnea=exp=1782073459~acl=/api/1/1/e/4/4/0/e4404589b3e65b155d75b5d89e50362d.mp3*~data=user_id=0,application_id=42~hmac=181ac79dfcb3d6cb6476b2085f14bf277fd6e54c87022374f14fc97e00200135","2014-07-16","338","United Kingdom","London","Michael Bibi e um DJ e produtor britanico ligado ao tech house moderno, Solid Grooves e releases recentes de alta rotacao.","tech house","Lote tocavel com preview_url real para reforcar recomendacoes de Michael Bibi, incluindo lancamentos recentes como Bad Wolf.","michael_bibi_playable_expansion_20260621","https://www.deezer.com/track/81299660","81299660","https://www.deezer.com/track/81299660","https://cdn-images.dzcdn.net/images/cover/f47df699b23def45810939336c442500/500x500-000000-80-0-0.jpg","Michael Bibi","https://www.youtube.com/results?search_query=Michael%20Bibi%20Feel%20My%20Freak%20(Deboa%20%26%20Hannah%20Holland%20Remix)%20(Deboa%2CHannah%20Holland)","","","","published","high"
"tech_house","Michael Bibi","Feel My Freak (Original Mix)","Feel My Freak EP","","https://cdnt-preview.dzcdn.net/api/1/1/0/d/2/0/0d287a65847101cb29cdeb5c6562cf41.mp3?hdnea=exp=1782073455~acl=/api/1/1/0/d/2/0/0d287a65847101cb29cdeb5c6562cf41.mp3*~data=user_id=0,application_id=42~hmac=c8c73ca21dc6ca27a16695bba8fefa90499e2ff1658af5b59a08331ba510fd1c","2014-07-16","410","United Kingdom","London","Michael Bibi e um DJ e produtor britanico ligado ao tech house moderno, Solid Grooves e releases recentes de alta rotacao.","tech house","Lote tocavel com preview_url real para reforcar recomendacoes de Michael Bibi, incluindo lancamentos recentes como Bad Wolf.","michael_bibi_playable_expansion_20260621","https://www.deezer.com/track/81299656","81299656","https://www.deezer.com/track/81299656","https://cdn-images.dzcdn.net/images/cover/f47df699b23def45810939336c442500/500x500-000000-80-0-0.jpg","Michael Bibi","https://www.youtube.com/results?search_query=Michael%20Bibi%20Feel%20My%20Freak%20(Original%20Mix)","","","","published","high"
"tech_house","Michael Bibi","The Faith","Feel My Freak EP","","https://cdnt-preview.dzcdn.net/api/1/1/c/f/6/0/cf61b0dc24efb57176801795d41dcc05.mp3?hdnea=exp=1782073458~acl=/api/1/1/c/f/6/0/cf61b0dc24efb57176801795d41dcc05.mp3*~data=user_id=0,application_id=42~hmac=cfb60520110071426184d658046d2b0eb29784e21926cd4c85d557bbac189381","2014-07-16","441","United Kingdom","London","Michael Bibi e um DJ e produtor britanico ligado ao tech house moderno, Solid Grooves e releases recentes de alta rotacao.","tech house","Lote tocavel com preview_url real para reforcar recomendacoes de Michael Bibi, incluindo lancamentos recentes como Bad Wolf.","michael_bibi_playable_expansion_20260621","https://www.deezer.com/track/81299662","81299662","https://www.deezer.com/track/81299662","https://cdn-images.dzcdn.net/images/cover/f47df699b23def45810939336c442500/500x500-000000-80-0-0.jpg","Michael Bibi","https://www.youtube.com/results?search_query=Michael%20Bibi%20The%20Faith","","","","published","high"
"tech_house","Michael Bibi","Das Is Forboden","Sweepstake EP","","https://cdnt-preview.dzcdn.net/api/1/1/5/3/6/0/5365e074582a6df7d02adc82915414a7.mp3?hdnea=exp=1782073457~acl=/api/1/1/5/3/6/0/5365e074582a6df7d02adc82915414a7.mp3*~data=user_id=0,application_id=42~hmac=f34810329a34fd11673a8fea13c11733f8d91e4a9ced484a2fe9dc03e259d07e","2014-06-02","439","United Kingdom","London","Michael Bibi e um DJ e produtor britanico ligado ao tech house moderno, Solid Grooves e releases recentes de alta rotacao.","tech house","Lote tocavel com preview_url real para reforcar recomendacoes de Michael Bibi, incluindo lancamentos recentes como Bad Wolf.","michael_bibi_playable_expansion_20260621","https://www.deezer.com/track/79050198","79050198","https://www.deezer.com/track/79050198","https://cdn-images.dzcdn.net/images/cover/fbef00abbe7cf26a8b654cb5b3901c37/500x500-000000-80-0-0.jpg","Michael Bibi","https://www.youtube.com/results?search_query=Michael%20Bibi%20Das%20Is%20Forboden","","","","published","high"
"tech_house","Michael Bibi","Jack Begins","Sweepstake EP","","https://cdnt-preview.dzcdn.net/api/1/1/f/5/c/0/f5c9fcc43e3517e413ddb3416e0daa55.mp3?hdnea=exp=1782073455~acl=/api/1/1/f/5/c/0/f5c9fcc43e3517e413ddb3416e0daa55.mp3*~data=user_id=0,application_id=42~hmac=a047d3202864b16bb911fb1fa297986efecd11c79d8deb0de2248d36feac6b81","2014-06-02","413","United Kingdom","London","Michael Bibi e um DJ e produtor britanico ligado ao tech house moderno, Solid Grooves e releases recentes de alta rotacao.","tech house","Lote tocavel com preview_url real para reforcar recomendacoes de Michael Bibi, incluindo lancamentos recentes como Bad Wolf.","michael_bibi_playable_expansion_20260621","https://www.deezer.com/track/79050197","79050197","https://www.deezer.com/track/79050197","https://cdn-images.dzcdn.net/images/cover/fbef00abbe7cf26a8b654cb5b3901c37/500x500-000000-80-0-0.jpg","Michael Bibi","https://www.youtube.com/results?search_query=Michael%20Bibi%20Jack%20Begins","","","","published","high"
"tech_house","Michael Bibi","Sweepstake","Sweepstake EP","","https://cdnt-preview.dzcdn.net/api/1/1/6/b/b/0/6bb6f43e278b09bca27d9e58b819214c.mp3?hdnea=exp=1782073457~acl=/api/1/1/6/b/b/0/6bb6f43e278b09bca27d9e58b819214c.mp3*~data=user_id=0,application_id=42~hmac=94090b27ad7ab29cbc0ac4ef400a230e09b07b45cfaa3cdd40cd237b4c410a18","2014-06-02","378","United Kingdom","London","Michael Bibi e um DJ e produtor britanico ligado ao tech house moderno, Solid Grooves e releases recentes de alta rotacao.","tech house","Lote tocavel com preview_url real para reforcar recomendacoes de Michael Bibi, incluindo lancamentos recentes como Bad Wolf.","michael_bibi_playable_expansion_20260621","https://www.deezer.com/track/79050195","79050195","https://www.deezer.com/track/79050195","https://cdn-images.dzcdn.net/images/cover/fbef00abbe7cf26a8b654cb5b3901c37/500x500-000000-80-0-0.jpg","Michael Bibi","https://www.youtube.com/results?search_query=Michael%20Bibi%20Sweepstake","","","","published","high"
